id_record,sequence_name,body_part,activity,timestamp,date,coord_x,coord_y,coord_z
1981,A01,020-000-033-111,lying,633790226380411722,27.05.2009 14:03:58:040,4.70981359481811,1.23529541492462,0.34842437505722
1982,A01,020-000-032-221,lying,633790226380682020,27.05.2009 14:03:58:067,4.31298351287842,1.22265839576721,0.329487890005112
1983,A01,010-000-024-033,lying,633790226380952315,27.05.2009 14:03:58:097,3.16848564147949,1.15684342384338,0.357985109090805
1984,A01,010-000-030-096,lying,633790226381222614,27.05.2009 14:03:58:123,3.42953276634216,1.36575937271118,0.525691866874695
1985,A01,020-000-033-111,lying,633790226381492904,27.05.2009 14:03:58:150,4.72934532165527,1.22202682495117,0.283822894096375
1986,A01,020-000-032-221,lying,633790226381763194,27.05.2009 14:03:58:177,4.32200813293457,1.1827974319458,0.278814494609833
1987,A01,010-000-024-033,lying,633790226382033489,27.05.2009 14:03:58:203,3.16333770751953,1.10643434524536,0.429300129413605
1988,A01,020-000-033-111,lying,633790226382574076,27.05.2009 14:03:58:257,4.70248365402222,1.18988883495331,0.319108128547668
1989,A01,020-000-032-221,lying,633790226382844371,27.05.2009 14:03:58:283,4.22959280014038,1.22246170043945,0.24954953789711
1990,A01,010-000-024-033,lying,633790226383114665,27.05.2009 14:03:58:310,3.18897581100464,1.14162528514862,0.39435949921608
1991,A01,010-000-030-096,lying,633790226383384957,27.05.2009 14:03:58:340,3.24373078346252,1.28004693984985,0.329995810985565
1992,A01,020-000-033-111,lying,633790226383655247,27.05.2009 14:03:58:367,4.69337940216064,1.11422479152679,0.145427942276001
1993,A01,020-000-032-221,lying,633790226383925541,27.05.2009 14:03:58:393,4.25116586685181,1.29101526737213,0.627831637859344
1994,A01,010-000-024-033,lying,633790226384195836,27.05.2009 14:03:58:420,3.14048790931702,1.04689693450928,0.359322309494019
1995,A01,020-000-033-111,lying,633790226384736420,27.05.2009 14:03:58:473,4.6465163230896,1.03400278091431,0.0514203272759914
1996,A01,020-000-032-221,lying,633790226385006718,27.05.2009 14:03:58:500,4.13859081268311,1.31056344509125,0.695315599441528
1997,A01,010-000-024-033,lying,633790226385277015,27.05.2009 14:03:58:527,3.14397072792053,1.0822422504425,0.34459924697876
1998,A01,010-000-030-096,lying,633790226385547313,27.05.2009 14:03:58:553,3.27139019966126,1.36765086650848,0.301857262849808
1999,A01,020-000-033-111,lying,633790226385817612,27.05.2009 14:03:58:583,4.44700384140015,0.746979534626007,0.442842900753021
2000,A01,020-000-032-221,lying,633790226386087905,27.05.2009 14:03:58:610,4.19155597686768,0.885736465454102,0.262422680854797
2001,A01,010-000-024-033,lying,633790226386358200,27.05.2009 14:03:58:637,3.15461921691895,1.06309187412262,0.336309254169464
2002,A01,020-000-033-111,lying,633790226386898784,27.05.2009 14:03:58:690,4.61536407470703,0.996607303619385,0.265040636062622
2003,A01,020-000-032-221,lying,633790226387169075,27.05.2009 14:03:58:717,4.24231195449829,0.949080646038055,0.32887801527977
2004,A01,010-000-024-033,lying,633790226387439372,27.05.2009 14:03:58:743,3.18983197212219,1.13172888755798,0.355294108390808
2005,A01,010-000-030-096,lying,633790226387709667,27.05.2009 14:03:58:770,3.23432445526123,1.37948846817017,0.339887022972107
2006,A01,020-000-033-111,lying,633790226387979960,27.05.2009 14:03:58:797,4.65577697753906,1.10544240474701,0.281764179468155
2007,A01,020-000-032-221,lying,633790226388250254,27.05.2009 14:03:58:827,4.25321197509766,1.42239594459534,0.447959721088409
2008,A01,010-000-024-033,lying,633790226388520552,27.05.2009 14:03:58:853,3.10592103004456,1.02984380722046,0.580148756504059
2009,A01,020-000-033-111,lying,633790226389061140,27.05.2009 14:03:58:907,4.62334251403809,0.899599313735962,0.453817456960678
2010,A01,020-000-032-221,lying,633790226389331435,27.05.2009 14:03:58:933,4.1858057975769,0.810343861579895,0.607348740100861
2011,A01,010-000-024-033,lying,633790226389601730,27.05.2009 14:03:58:960,3.08793258666992,1.00904381275177,0.596335232257843
2012,A01,010-000-030-096,lying,633790226389872021,27.05.2009 14:03:58:987,3.21874070167542,1.31607782840729,0.319449961185455
2013,A01,020-000-033-111,lying,633790226390142317,27.05.2009 14:03:59:013,4.54015588760376,0.781334638595581,0.443147212266922
2014,A01,020-000-032-221,lying,633790226390412614,27.05.2009 14:03:59:040,4.06390810012817,0.843253672122955,0.434282302856445
2015,A01,010-000-024-033,lying,633790226390682908,27.05.2009 14:03:59:067,3.19829344749451,1.16433489322662,0.426904171705246
2016,A01,020-000-033-111,lying,633790226391223489,27.05.2009 14:03:59:123,4.44931316375732,0.437339216470718,0.808679342269897
2017,A01,020-000-032-221,lying,633790226391493782,27.05.2009 14:03:59:150,4.12916994094849,0.819760024547577,0.463239967823029
2018,A01,010-000-024-033,lying,633790226391764073,27.05.2009 14:03:59:177,3.08026361465454,0.997357130050659,0.590415358543396
2019,A01,010-000-030-096,lying,633790226392034370,27.05.2009 14:03:59:203,3.40634775161743,1.01679766178131,0.32803413271904
2020,A01,020-000-033-111,lying,633790226392304669,27.05.2009 14:03:59:230,4.14343309402466,0.685708105564117,1.68332886695862
2021,A01,020-000-032-221,lying,633790226392574967,27.05.2009 14:03:59:257,4.18023300170898,1.12042164802551,0.28352427482605
2022,A01,010-000-024-033,lying,633790226392845261,27.05.2009 14:03:59:283,3.2596640586853,1.24906527996063,0.403753966093063
2023,A01,020-000-032-221,lying,633790226393656132,27.05.2009 14:03:59:367,4.21540832519531,1.11046802997589,0.381982356309891
2024,A01,010-000-024-033,lying,633790226393926422,27.05.2009 14:03:59:393,3.41003084182739,1.53605818748474,0.486313968896866
2025,A01,010-000-030-096,lying,633790226394196718,27.05.2009 14:03:59:420,3.60163068771362,1.39565706253052,0.652547061443329
2026,A01,020-000-033-111,lying,633790226394467012,27.05.2009 14:03:59:447,5.23331928253174,0.96821004152298,0.223136588931084
2027,A01,020-000-032-221,lying,633790226394737311,27.05.2009 14:03:59:473,3.85555219650269,1.22385859489441,0.303530335426331
2028,A01,010-000-024-033,lying,633790226395007610,27.05.2009 14:03:59:500,3.45006012916565,1.50360059738159,0.511975228786469
2029,A01,020-000-033-111,lying,633790226395548199,27.05.2009 14:03:59:553,4.5493597984314,0.675960779190063,0.364645838737488
2030,A01,020-000-032-221,lying,633790226395818496,27.05.2009 14:03:59:583,4.06396770477295,0.786490976810455,0.428536981344223
2031,A01,010-000-024-033,lying,633790226396088794,27.05.2009 14:03:59:610,3.39192461967468,1.43566060066223,0.399100631475449
2032,A01,010-000-030-096,lying,633790226396359085,27.05.2009 14:03:59:637,3.3691143989563,1.59395551681519,0.396147787570953
2033,A01,020-000-033-111,lying,633790226396629376,27.05.2009 14:03:59:663,4.77149534225464,1.15034687519073,0.508772730827332
2034,A01,020-000-032-221,lying,633790226396899668,27.05.2009 14:03:59:690,4.09470653533936,0.933420062065125,0.649335443973541
2035,A01,010-000-024-033,lying,633790226397169958,27.05.2009 14:03:59:717,3.39936089515686,1.15309059619904,0.370235085487366
2036,A01,020-000-033-111,lying,633790226397710544,27.05.2009 14:03:59:770,4.33565330505371,1.11176764965057,0.361008524894714
2037,A01,020-000-032-221,lying,633790226397980839,27.05.2009 14:03:59:797,4.05725145339966,0.946753442287445,0.882869124412537
2038,A01,010-000-024-033,lying,633790226398251133,27.05.2009 14:03:59:827,3.20606875419617,1.32077789306641,0.373979449272156
2039,A01,010-000-030-096,lying,633790226398521429,27.05.2009 14:03:59:853,3.45699238777161,1.27675402164459,0.42065754532814
2040,A01,020-000-033-111,lying,633790226398791728,27.05.2009 14:03:59:880,4.59663724899292,1.06059813499451,0.433280974626541
2041,A01,020-000-032-221,lying,633790226399062020,27.05.2009 14:03:59:907,4.14405870437622,1.03228890895843,0.675773441791534
2042,A01,010-000-024-033,lying,633790226399332313,27.05.2009 14:03:59:933,3.18436551094055,1.22184407711029,0.45027095079422
2043,A01,020-000-033-111,lying,633790226399872902,27.05.2009 14:03:59:987,4.76625823974609,1.31225776672363,1.33105874061584
2044,A01,020-000-032-221,lying,633790226400143195,27.05.2009 14:04:00:013,4.20240211486816,0.862721025943756,0.517082870006561
2045,A01,010-000-024-033,lying,633790226400413488,27.05.2009 14:04:00:040,3.15684533119202,1.26178085803986,0.577547490596771
2046,A01,010-000-030-096,lying,633790226400683783,27.05.2009 14:04:00:070,3.35254955291748,1.53405332565308,0.449152708053589
2047,A01,020-000-033-111,lying,633790226400954081,27.05.2009 14:04:00:097,4.92777109146118,1.05655217170715,0.551817178726196
2048,A01,020-000-032-221,lying,633790226401224376,27.05.2009 14:04:00:123,4.3894681930542,0.78681755065918,0.508161306381226
2049,A01,010-000-024-033,lying,633790226401494669,27.05.2009 14:04:00:150,3.38194441795349,1.33142948150635,0.632964491844177
2050,A01,020-000-033-111,lying,633790226402035256,27.05.2009 14:04:00:203,4.71607398986816,1.09246909618378,0.385804653167725
2051,A01,010-000-024-033,lying,633790226402575839,27.05.2009 14:04:00:257,3.47510027885437,1.466099858284,0.517961859703064
2052,A01,010-000-030-096,lying,633790226402846132,27.05.2009 14:04:00:283,3.40386271476746,1.31734931468964,0.316651731729507
2053,A01,020-000-033-111,lying,633790226403116431,27.05.2009 14:04:00:310,4.6296329498291,1.11271250247955,0.35541170835495
2054,A01,010-000-024-033,lying,633790226403657027,27.05.2009 14:04:00:367,3.3668041229248,1.60980677604675,0.472243428230286
2055,A01,020-000-033-111,lying,633790226404197612,27.05.2009 14:04:00:420,4.90142202377319,1.07523548603058,0.752820611000061
2056,A01,020-000-032-221,lying,633790226404467908,27.05.2009 14:04:00:447,4.81887149810791,0.452056020498276,-0.824041545391083
2057,A01,010-000-024-033,lying,633790226404738199,27.05.2009 14:04:00:473,3.27374958992004,1.3752783536911,0.381776720285416
2058,A01,010-000-030-096,lying,633790226405008493,27.05.2009 14:04:00:500,3.38644599914551,1.46429002285004,0.350800633430481
2059,A01,020-000-033-111,lying,633790226405278791,27.05.2009 14:04:00:527,4.95925855636597,0.956594169139862,0.57806533575058
2060,A01,020-000-032-221,lying,633790226405549089,27.05.2009 14:04:00:553,4.49101972579956,1.29918265342712,0.20213708281517
2061,A01,020-000-033-111,lying,633790226406359965,27.05.2009 14:04:00:637,4.8638916015625,0.996888697147369,0.578714847564697
2062,A01,020-000-032-221,lying,633790226406630259,27.05.2009 14:04:00:663,4.38783645629883,1.24434959888458,-0.0936219245195389
2063,A01,010-000-024-033,lying,633790226406900554,27.05.2009 14:04:00:690,3.32286930084229,1.32934927940369,0.508142530918121
2064,A01,010-000-030-096,lying,633790226407170846,27.05.2009 14:04:00:717,3.51020383834839,1.62713897228241,0.647710621356964
2065,A01,020-000-033-111,lying,633790226407441143,27.05.2009 14:04:00:743,4.75247192382813,0.900718629360199,0.742762684822083
2066,A01,020-000-032-221,lying,633790226407711436,27.05.2009 14:04:00:770,4.52629947662354,1.39404499530792,0.373864054679871
2067,A01,010-000-024-033,lying,633790226407981729,27.05.2009 14:04:00:797,3.34855198860168,1.29664921760559,0.487146615982056
2068,A01,020-000-033-111,lying,633790226408522318,27.05.2009 14:04:00:853,4.80023384094238,0.897535026073456,0.566389679908752
2069,A01,020-000-032-221,lying,633790226408792614,27.05.2009 14:04:00:880,4.4278564453125,1.69412279129028,0.212003275752068
2070,A01,010-000-024-033,lying,633790226409062912,27.05.2009 14:04:00:907,3.34128928184509,1.3119170665741,0.415811687707901
2071,A01,010-000-030-096,lying,633790226409333209,27.05.2009 14:04:00:933,3.37756705284119,1.41809189319611,0.300213783979416
2072,A01,020-000-033-111,lying,633790226409603504,27.05.2009 14:04:00:960,4.46750736236572,0.89517730474472,0.487147986888885
2073,A01,020-000-032-221,lying,633790226409873796,27.05.2009 14:04:00:987,4.41510009765625,1.63799369335175,0.313017547130585
2074,A01,010-000-024-033,lying,633790226410144091,27.05.2009 14:04:01:013,3.34928941726685,1.29567670822144,0.489843875169754
2075,A01,020-000-033-111,lying,633790226410684673,27.05.2009 14:04:01:070,4.59639883041382,0.664852559566498,0.61329972743988
2076,A01,020-000-032-221,lying,633790226410954969,27.05.2009 14:04:01:097,4.42349338531494,1.32936978340149,0.658527493476868
2077,A01,010-000-024-033,lying,633790226411225262,27.05.2009 14:04:01:123,3.33352136611938,1.31280386447907,0.592958807945251
2078,A01,010-000-030-096,lying,633790226411495561,27.05.2009 14:04:01:150,3.26972484588623,1.27373123168945,0.40132936835289
2079,A01,020-000-033-111,lying,633790226411765859,27.05.2009 14:04:01:177,4.97140216827393,0.893957495689392,0.687118470668793
2080,A01,020-000-032-221,lying,633790226412036153,27.05.2009 14:04:01:203,4.46797847747803,1.31558203697205,0.521283745765686
2081,A01,010-000-024-033,lying,633790226412306448,27.05.2009 14:04:01:230,3.35890293121338,1.31846678256989,0.470196753740311
2082,A01,020-000-033-111,lying,633790226412847036,27.05.2009 14:04:01:283,4.67600107192993,0.891445279121399,0.573819935321808
2083,A01,020-000-032-221,lying,633790226413038236,27.05.2009 14:04:01:303,4.79797077178955,0.782844364643097,-0.166739627718925
2084,A01,010-000-024-033,lying,633790226413308533,27.05.2009 14:04:01:330,3.30971622467041,1.20445477962494,0.473575979471207
2085,A01,010-000-030-096,lying,633790226413578825,27.05.2009 14:04:01:357,3.20294809341431,1.22889959812164,0.29108390212059
2086,A01,020-000-032-221,lying,633790226414119407,27.05.2009 14:04:01:413,4.50220489501953,1.29046237468719,0.416334480047226
2087,A01,010-000-024-033,lying,633790226414389701,27.05.2009 14:04:01:440,3.34100604057312,0.999427497386932,0.480605959892273
2088,A01,020-000-033-111,lying,633790226414930281,27.05.2009 14:04:01:493,4.69596195220947,0.904887676239014,0.572831094264984
2089,A01,020-000-032-221,lying,633790226415200575,27.05.2009 14:04:01:520,4.47343158721924,1.28657352924347,0.518572568893433
2090,A01,010-000-024-033,lying,633790226415470868,27.05.2009 14:04:01:547,3.37431478500366,1.4032826423645,0.409428596496582
2091,A01,010-000-030-096,lying,633790226415741161,27.05.2009 14:04:01:573,3.25256037712097,1.28837323188782,0.209323093295097
2092,A01,020-000-033-111,lying,633790226416011458,27.05.2009 14:04:01:600,4.86524295806885,1.18233466148376,0.448594719171524
2093,A01,020-000-032-221,lying,633790226416281750,27.05.2009 14:04:01:627,4.74692058563232,0.829886019229889,-0.0386022590100765
2094,A01,010-000-024-033,lying,633790226416552046,27.05.2009 14:04:01:657,3.29158306121826,1.07151341438293,0.387630760669708
2095,A01,020-000-033-111,lying,633790226417092628,27.05.2009 14:04:01:710,4.78803396224976,1.23970866203308,0.470561057329178
2096,A01,010-000-024-033,lying,633790226417633209,27.05.2009 14:04:01:763,3.36192345619202,1.04104256629944,0.459419250488281
2097,A01,010-000-030-096,lying,633790226417903499,27.05.2009 14:04:01:790,3.42208075523376,1.44871294498444,0.201191812753677
2098,A01,020-000-033-111,lying,633790226418173794,27.05.2009 14:04:01:817,4.74649953842163,1.14527201652527,0.162846580147743
2099,A01,020-000-032-221,lying,633790226418444091,27.05.2009 14:04:01:843,4.53191328048706,1.42358183860779,0.424299865961075
2100,A01,010-000-024-033,lying,633790226418714387,27.05.2009 14:04:01:870,3.35061097145081,1.03085362911224,0.534570395946503
2101,A01,020-000-033-111,lying,633790226419254975,27.05.2009 14:04:01:927,4.78258514404297,1.13336718082428,0.28398796916008
2102,A01,020-000-032-221,lying,633790226419525266,27.05.2009 14:04:01:953,4.36211681365967,1.41601824760437,0.793794572353363
2103,A01,010-000-024-033,lying,633790226419795559,27.05.2009 14:04:01:980,3.34448194503784,0.999428749084473,0.431215941905975
2104,A01,010-000-030-096,lying,633790226420065856,27.05.2009 14:04:02:007,3.40062093734741,1.4388552904129,0.274872004985809
2105,A01,020-000-033-111,lying,633790226420336148,27.05.2009 14:04:02:033,4.77987337112427,1.16365957260132,0.244913101196289
2106,A01,020-000-032-221,lying,633790226420606438,27.05.2009 14:04:02:060,4.43719577789307,1.4146249294281,0.727451324462891
2107,A01,010-000-024-033,lying,633790226420876730,27.05.2009 14:04:02:087,3.25049424171448,1.09505355358124,0.405364036560059
2108,A01,020-000-033-111,lying,633790226421417318,27.05.2009 14:04:02:143,4.83100175857544,1.1378720998764,0.42439803481102
2109,A01,020-000-032-221,lying,633790226421687608,27.05.2009 14:04:02:170,4.44500303268433,1.43567872047424,0.618714988231659
2110,A01,010-000-024-033,lying,633790226421957898,27.05.2009 14:04:02:197,3.398024559021,1.31505239009857,0.41124951839447
2111,A01,010-000-030-096,lying,633790226422228196,27.05.2009 14:04:02:223,3.33161950111389,1.30819821357727,0.212736621499062
2112,A01,020-000-033-111,lying,633790226422498491,27.05.2009 14:04:02:250,4.90237092971802,1.27957260608673,0.348034560680389
2113,A01,020-000-032-221,lying,633790226422768781,27.05.2009 14:04:02:277,4.91798782348633,0.613101899623871,-0.106720268726349
2114,A01,010-000-024-033,lying,633790226423039072,27.05.2009 14:04:02:303,3.33061909675598,1.39237141609192,0.418026447296143
2115,A01,020-000-033-111,lying,633790226423579657,27.05.2009 14:04:02:357,4.90226125717163,1.23079705238342,0.420416742563248
2116,A01,020-000-032-221,lying,633790226423849952,27.05.2009 14:04:02:383,4.95345020294189,0.444180965423584,-0.215589925646782
2117,A01,010-000-024-033,lying,633790226424120247,27.05.2009 14:04:02:413,3.10427212715149,1.28903651237488,0.381980508565903
2118,A01,010-000-030-096,lying,633790226424390545,27.05.2009 14:04:02:440,3.21424102783203,1.30928432941437,0.449846774339676
2119,A01,020-000-033-111,lying,633790226424660841,27.05.2009 14:04:02:467,4.91472387313843,1.19068944454193,0.280600994825363
2120,A01,020-000-032-221,lying,633790226424931132,27.05.2009 14:04:02:493,4.5341100692749,1.08255589008331,0.0711996033787727
2121,A01,010-000-024-033,lying,633790226426282589,27.05.2009 14:04:02:627,3.3795952796936,1.31486237049103,0.485854595899582
2122,A01,010-000-030-096,lying,633790226426552881,27.05.2009 14:04:02:657,3.45699977874756,1.47270655632019,0.219113320112228
2123,A01,020-000-033-111,lying,633790226426823178,27.05.2009 14:04:02:683,4.80472373962402,1.14146590232849,0.346541464328766
2124,A01,020-000-033-111,lying,633790226427904339,27.05.2009 14:04:02:790,5.04039287567139,1.29210197925568,-0.0412984490394592
2125,A01,020-000-032-221,lying,633790226428174637,27.05.2009 14:04:02:817,4.08291959762573,1.69583535194397,-0.0244414545595646
2126,A01,010-000-024-033,lying,633790226428444927,27.05.2009 14:04:02:843,3.34226846694946,1.47891902923584,0.436601847410202
2127,A01,010-000-030-096,lying,633790226428715226,27.05.2009 14:04:02:870,3.34614491462708,1.39296066761017,0.264831155538559
2128,A01,020-000-032-221,lying,633790226429255816,27.05.2009 14:04:02:927,4.68110513687134,1.09560918807983,0.209796994924545
2129,A01,010-000-024-033,lying,633790226429526106,27.05.2009 14:04:02:953,3.3573431968689,1.47513556480408,0.521442592144012
2130,A01,020-000-033-111,lying,633790226430066688,27.05.2009 14:04:03:007,4.79388761520386,1.31725609302521,0.599672913551331
2131,A01,020-000-032-221,lying,633790226430336985,27.05.2009 14:04:03:033,4.65986442565918,1.29906260967255,0.384339839220047
2132,A01,010-000-024-033,lying,633790226430607275,27.05.2009 14:04:03:060,3.43029808998108,1.39046704769135,0.362602591514587
2133,A01,010-000-030-096,lying,633790226430877568,27.05.2009 14:04:03:087,3.25818014144898,1.28052079677582,0.322723001241684
2134,A01,020-000-033-111,lying,633790226431147863,27.05.2009 14:04:03:113,5.28121995925903,1.22543931007385,-0.203198626637459
2135,A01,020-000-032-221,lying,633790226431418153,27.05.2009 14:04:03:143,4.6229305267334,1.37906658649445,0.425835281610489
2136,A01,020-000-033-111,lying,633790226432229025,27.05.2009 14:04:03:223,5.20777797698975,0.767568349838257,-0.250970602035522
2137,A01,010-000-024-033,lying,633790226432769612,27.05.2009 14:04:03:277,3.2567732334137,1.21198046207428,0.386934161186218
2138,A01,010-000-030-096,lying,633790226433039906,27.05.2009 14:04:03:303,3.35592842102051,1.48732924461365,0.296133697032928
2139,A01,020-000-033-111,lying,633790226433310197,27.05.2009 14:04:03:330,4.64415836334229,1.08201599121094,0.176879599690437
2140,A01,020-000-032-221,lying,633790226433580491,27.05.2009 14:04:03:357,4.642493724823,1.16648268699646,0.143432125449181
2141,A01,010-000-024-033,lying,633790226433850787,27.05.2009 14:04:03:387,3.2591564655304,1.42424964904785,0.407235145568848
2142,A01,010-000-024-033,lying,633790226434931953,27.05.2009 14:04:03:493,3.05989503860474,1.26994943618774,0.511161625385284
2143,A01,010-000-030-096,lying,633790226435202244,27.05.2009 14:04:03:520,3.42475295066833,1.23210215568542,0.290481746196747
2144,A01,020-000-033-111,lying,633790226435472543,27.05.2009 14:04:03:547,4.52528047561646,0.80906480550766,0.440567821264267
2145,A01,010-000-024-033,lying,633790226436013123,27.05.2009 14:04:03:600,3.05491781234741,1.3414409160614,0.37496030330658
2146,A01,020-000-033-111,lying,633790226436553707,27.05.2009 14:04:03:657,4.4621376991272,1.45007419586182,0.343248456716537
2147,A01,020-000-032-221,lying,633790226436824000,27.05.2009 14:04:03:683,4.39967489242554,1.21324741840363,-0.396548509597778
2148,A01,010-000-024-033,lying,633790226437094290,27.05.2009 14:04:03:710,3.31674528121948,1.39777553081512,0.680883824825287
2149,A01,010-000-030-096,lying,633790226437364584,27.05.2009 14:04:03:737,3.44940519332886,1.52583003044128,0.707607924938202
2150,A01,020-000-033-111,lying,633790226437634874,27.05.2009 14:04:03:763,4.55077075958252,0.763163566589355,0.0643294155597687
2151,A01,010-000-024-033,lying,633790226438175456,27.05.2009 14:04:03:817,3.02646851539612,1.2808563709259,0.463533848524094
2152,A01,020-000-033-111,lying,633790226438716045,27.05.2009 14:04:03:870,4.78042602539062,1.08596253395081,0.131347373127937
2153,A01,020-000-032-221,lying,633790226438986339,27.05.2009 14:04:03:900,4.52620792388916,0.765112102031708,0.262024760246277
2154,A01,010-000-024-033,lying,633790226439256634,27.05.2009 14:04:03:927,3.10529780387878,1.67522048950195,0.226487889885902
2155,A01,010-000-030-096,lying,633790226439526926,27.05.2009 14:04:03:953,3.44033193588257,1.29838538169861,0.333864748477936
2156,A01,020-000-033-111,lying,633790226439797218,27.05.2009 14:04:03:980,4.72678470611572,0.997307479381561,0.479564785957336
2157,A01,020-000-032-221,lying,633790226440067512,27.05.2009 14:04:04:007,4.26385354995728,1.18824791908264,0.0230688136070967
2158,A01,020-000-033-111,lying,633790226440878391,27.05.2009 14:04:04:087,4.74845266342163,0.886502861976624,0.489313960075378
2159,A01,020-000-032-221,lying,633790226441148683,27.05.2009 14:04:04:113,4.64353370666504,1.3404301404953,0.0627108439803123
2160,A01,010-000-024-033,lying,633790226441418980,27.05.2009 14:04:04:143,3.10038018226624,1.7277444601059,0.320758879184723
2161,A01,010-000-030-096,lying,633790226441689273,27.05.2009 14:04:04:170,3.46279788017273,1.43540954589844,0.335356384515762
2162,A01,020-000-032-221,lying,633790226442229855,27.05.2009 14:04:04:223,4.5517201423645,1.53137195110321,0.189125835895538
2163,A01,010-000-024-033,lying,633790226442500153,27.05.2009 14:04:04:250,3.36661052703857,1.3769063949585,0.10522822290659
2164,A01,020-000-032-221,lying,633790226443311030,27.05.2009 14:04:04:330,4.4172945022583,1.47284364700317,0.198092088103294
2165,A01,010-000-030-096,lying,633790226443851611,27.05.2009 14:04:04:387,3.40969514846802,1.37682485580444,0.309161931276321
2166,A01,020-000-033-111,lying,633790226444121903,27.05.2009 14:04:04:413,4.83371448516846,1.24945664405823,0.243445500731468
2167,A01,020-000-032-221,lying,633790226444392197,27.05.2009 14:04:04:440,4.62975931167603,1.04349589347839,0.0899707227945328
2168,A01,010-000-024-033,lying,633790226444662491,27.05.2009 14:04:04:467,3.53772258758545,1.5174697637558,0.370607316493988
2169,A01,020-000-033-111,lying,633790226445203075,27.05.2009 14:04:04:520,4.73247575759888,1.29516673088074,0.509276330471039
2170,A01,010-000-024-033,lying,633790226445743658,27.05.2009 14:04:04:573,3.54907035827637,1.73634946346283,0.653968393802643
2171,A01,010-000-030-096,lying,633790226446013957,27.05.2009 14:04:04:600,3.38141775131226,1.23653173446655,0.321893095970154
2172,A01,020-000-033-111,lying,633790226446284254,27.05.2009 14:04:04:630,4.75514316558838,1.15336358547211,0.3856081366539
2173,A01,020-000-032-221,lying,633790226446554553,27.05.2009 14:04:04:657,4.39361000061035,1.62168407440186,0.516151130199432
2174,A01,010-000-024-033,lying,633790226446824846,27.05.2009 14:04:04:683,3.10588622093201,1.14630782604218,0.339667767286301
2175,A01,020-000-033-111,lying,633790226447365435,27.05.2009 14:04:04:737,4.71178817749023,1.16897714138031,1.00998449325562
2176,A01,010-000-024-033,lying,633790226447906024,27.05.2009 14:04:04:790,3.40704298019409,1.35000121593475,0.513795912265778
2177,A01,010-000-030-096,lying,633790226448176318,27.05.2009 14:04:04:817,3.36479258537292,1.19793319702148,0.337739914655685
2178,A01,020-000-033-111,lying,633790226448446616,27.05.2009 14:04:04:843,5.09168910980225,1.00975155830383,0.562212407588959
2179,A01,020-000-032-221,lying,633790226448716911,27.05.2009 14:04:04:873,4.91430330276489,0.790986776351929,-0.201023072004318
2180,A01,010-000-024-033,lying,633790226448987210,27.05.2009 14:04:04:900,3.38212847709656,1.00899362564087,0.364032089710236
2181,A01,020-000-033-111,lying,633790226449527797,27.05.2009 14:04:04:953,4.90458726882935,1.98455238342285,1.12631666660309
2182,A01,020-000-032-221,lying,633790226449798088,27.05.2009 14:04:04:980,4.84483003616333,0.730326354503632,-0.0817385613918304
2183,A01,010-000-024-033,lying,633790226450068382,27.05.2009 14:04:05:007,3.40740704536438,1.35503602027893,0.437843263149262
2184,A01,010-000-030-096,lying,633790226450338679,27.05.2009 14:04:05:033,3.50823855400085,1.35631203651428,0.207622095942497
2185,A01,020-000-033-111,lying,633790226450608977,27.05.2009 14:04:05:060,5.03280210494995,0.50368332862854,-0.0716260299086571
2186,A01,020-000-032-221,lying,633790226450879270,27.05.2009 14:04:05:087,4.68467140197754,0.858741700649261,-0.0475158952176571
2187,A01,010-000-024-033,lying,633790226451149563,27.05.2009 14:04:05:113,3.19608211517334,1.25059056282043,0.31239926815033
2188,A01,020-000-033-111,lying,633790226451690152,27.05.2009 14:04:05:170,4.76239204406738,1.04675984382629,0.381443202495575
2189,A01,010-000-024-033,lying,633790226452230738,27.05.2009 14:04:05:223,3.38821697235107,1.44640815258026,0.314732760190964
2190,A01,010-000-030-096,lying,633790226452501030,27.05.2009 14:04:05:250,3.53092098236084,1.43288695812225,0.452432841062546
2191,A01,020-000-033-111,lying,633790226452771321,27.05.2009 14:04:05:277,4.86750364303589,1.0503842830658,-0.0391351766884327
2192,A01,020-000-032-221,lying,633790226453041615,27.05.2009 14:04:05:303,4.59971332550049,1.31572413444519,0.495724380016327
2193,A01,010-000-024-033,lying,633790226453311907,27.05.2009 14:04:05:330,3.2923903465271,1.32425904273987,0.298387408256531
2194,A01,020-000-033-111,standing up from lying,633790226453852487,27.05.2009 14:04:05:387,4.60683631896973,0.862289130687714,0.265684545040131
2195,A01,010-000-024-033,standing up from lying,633790226454393068,27.05.2009 14:04:05:440,3.27784967422485,1.38791179656982,0.608441352844238
2196,A01,010-000-030-096,standing up from lying,633790226454663365,27.05.2009 14:04:05:467,3.39747762680054,1.36434864997864,0.163243502378464
2197,A01,020-000-033-111,standing up from lying,633790226454933659,27.05.2009 14:04:05:493,5.1451268196106,0.744571328163147,0.156999081373215
2198,A01,020-000-032-221,standing up from lying,633790226455203950,27.05.2009 14:04:05:520,4.34261178970337,1.6404595375061,0.478413224220276
2199,A01,010-000-024-033,standing up from lying,633790226455474244,27.05.2009 14:04:05:547,3.71639752388001,0.869697332382202,0.190993458032608
2200,A01,020-000-033-111,standing up from lying,633790226456014833,27.05.2009 14:04:05:600,5.06686353683472,0.901961266994476,0.159485161304474
2201,A01,010-000-024-033,standing up from lying,633790226456555421,27.05.2009 14:04:05:657,3.58157515525818,1.46671652793884,0.894306361675262
2202,A01,010-000-030-096,standing up from lying,633790226456825716,27.05.2009 14:04:05:683,3.36008453369141,1.73160552978516,0.717331528663635
2203,A01,020-000-033-111,standing up from lying,633790226457096006,27.05.2009 14:04:05:710,4.64014387130737,1.21012234687805,0.731374144554138
2204,A01,020-000-032-221,standing up from lying,633790226457366298,27.05.2009 14:04:05:737,4.13443613052368,1.44229507446289,0.0911669433116913
2205,A01,010-000-024-033,standing up from lying,633790226457636593,27.05.2009 14:04:05:763,3.50511002540588,1.63596522808075,0.726813971996307
2206,A01,020-000-033-111,standing up from lying,633790226458177182,27.05.2009 14:04:05:817,4.74133253097534,0.374563902616501,0.0468249022960663
2207,A01,020-000-032-221,standing up from lying,633790226458447481,27.05.2009 14:04:05:843,4.08776569366455,1.51235294342041,0.232262969017029
2208,A01,010-000-024-033,standing up from lying,633790226458717780,27.05.2009 14:04:05:873,3.47333288192749,1.49290251731873,0.446198225021362
2209,A01,010-000-030-096,standing up from lying,633790226458988070,27.05.2009 14:04:05:900,3.40763378143311,1.16413259506226,0.258700609207153
2210,A01,020-000-033-111,standing up from lying,633790226459258364,27.05.2009 14:04:05:927,4.3965368270874,1.51377010345459,0.109246738255024
2211,A01,020-000-032-221,standing up from lying,633790226459528657,27.05.2009 14:04:05:953,4.06025171279907,1.83777070045471,0.874544441699982
2212,A01,010-000-024-033,standing up from lying,633790226459798952,27.05.2009 14:04:05:980,3.50920248031616,1.62498712539673,0.692621827125549
2213,A01,020-000-033-111,standing up from lying,633790226460339535,27.05.2009 14:04:06:033,4.21808099746704,1.01507449150085,0.695786595344543
2214,A01,010-000-024-033,standing up from lying,633790226460880122,27.05.2009 14:04:06:087,3.67471146583557,0.955368399620056,0.286704063415527
2215,A01,010-000-030-096,standing up from lying,633790226461150420,27.05.2009 14:04:06:117,3.5356457233429,1.2875269651413,0.327464640140533
2216,A01,020-000-033-111,standing up from lying,633790226461420710,27.05.2009 14:04:06:143,4.46328353881836,1.08218693733215,0.435578644275665
2217,A01,020-000-032-221,standing up from lying,633790226461691006,27.05.2009 14:04:06:170,2.73455929756165,1.16781783103943,-1.22562575340271
2218,A01,010-000-024-033,standing up from lying,633790226461961298,27.05.2009 14:04:06:197,3.5885968208313,1.45054996013641,0.712230980396271
2219,A01,020-000-033-111,standing up from lying,633790226462501886,27.05.2009 14:04:06:250,4.41295862197876,1.1499400138855,0.51015305519104
2220,A01,020-000-032-221,standing up from lying,633790226462772178,27.05.2009 14:04:06:277,2.72772717475891,1.42168295383453,-0.813039481639862
2221,A01,010-000-024-033,standing up from lying,633790226463042477,27.05.2009 14:04:06:303,3.5842502117157,1.46103775501251,0.846022307872772
2222,A01,010-000-030-096,standing up from lying,633790226463312771,27.05.2009 14:04:06:330,3.32598328590393,1.40292942523956,0.412766635417938
2223,A01,020-000-033-111,standing up from lying,633790226463583062,27.05.2009 14:04:06:357,4.44726657867432,1.3281135559082,0.306686162948608
2224,A01,020-000-032-221,standing up from lying,633790226463853361,27.05.2009 14:04:06:387,4.53907012939453,1.70944511890411,0.543853402137756
2225,A01,010-000-024-033,standing up from lying,633790226464123655,27.05.2009 14:04:06:413,3.40422129631043,1.43553566932678,0.55261766910553
2226,A01,020-000-033-111,standing up from lying,633790226464664243,27.05.2009 14:04:06:467,4.27195978164673,1.15471911430359,0.695381700992584
2227,A01,020-000-032-221,standing up from lying,633790226464934533,27.05.2009 14:04:06:493,3.81293034553528,1.78491866588593,0.310271948575974
2228,A01,010-000-024-033,standing up from lying,633790226465204826,27.05.2009 14:04:06:520,3.42197632789612,1.54027628898621,0.623548328876495
2229,A01,010-000-030-096,standing up from lying,633790226465475119,27.05.2009 14:04:06:547,3.14088320732117,1.14997613430023,0.374528557062149
2230,A01,020-000-033-111,standing up from lying,633790226465745416,27.05.2009 14:04:06:573,4.16617822647095,1.11627614498138,0.419918954372406
2231,A01,020-000-032-221,standing up from lying,633790226466015714,27.05.2009 14:04:06:600,4.25043821334839,1.39429664611816,0.34945484995842
2232,A01,010-000-024-033,standing up from lying,633790226466286013,27.05.2009 14:04:06:630,3.29049301147461,1.43647909164429,0.429058969020844
2233,A01,020-000-033-111,standing up from lying,633790226466826594,27.05.2009 14:04:06:683,3.87064599990845,1.22686862945557,0.622134625911713
2234,A01,020-000-032-221,standing up from lying,633790226467096884,27.05.2009 14:04:06:710,3.91060066223145,1.42088258266449,0.497466325759888
2235,A01,010-000-024-033,standing up from lying,633790226467367179,27.05.2009 14:04:06:737,3.30138802528381,1.42996180057526,0.357234120368958
2236,A01,020-000-033-111,standing up from lying,633790226467907763,27.05.2009 14:04:06:790,4.39260339736938,1.32686972618103,0.88978385925293
2237,A01,020-000-032-221,standing up from lying,633790226468178056,27.05.2009 14:04:06:817,3.9301700592041,1.35264885425568,0.435733288526535
2238,A01,010-000-024-033,standing up from lying,633790226468448351,27.05.2009 14:04:06:843,3.3868989944458,1.32172286510468,0.243449777364731
2239,A01,020-000-033-111,standing up from lying,633790226468988937,27.05.2009 14:04:06:900,3.9242091178894,1.23897480964661,0.734694123268127
2240,A01,020-000-032-221,standing up from lying,633790226469259228,27.05.2009 14:04:06:927,3.87328743934631,1.14912211894989,0.579386293888092
2241,A01,010-000-024-033,standing up from lying,633790226469529522,27.05.2009 14:04:06:953,3.23606491088867,1.49247241020203,0.268578439950943
2242,A01,010-000-030-096,standing up from lying,633790226469799818,27.05.2009 14:04:06:980,3.18162727355957,0.736659228801727,0.00976249109953642
2243,A01,020-000-033-111,standing up from lying,633790226470070114,27.05.2009 14:04:07:007,4.07912826538086,1.18186187744141,0.516164898872375
2244,A01,020-000-032-221,standing up from lying,633790226470340411,27.05.2009 14:04:07:033,4.11901712417603,1.18707084655762,0.199039548635483
2245,A01,010-000-024-033,standing up from lying,633790226470610701,27.05.2009 14:04:07:060,3.82067131996155,0.667359173297882,0.353526502847672
2246,A01,020-000-033-111,standing up from lying,633790226471151286,27.05.2009 14:04:07:117,3.96024751663208,1.28217458724976,0.763007342815399
2247,A01,020-000-032-221,standing up from lying,633790226471421576,27.05.2009 14:04:07:143,3.9462296962738,1.35464262962341,0.644730865955353
2248,A01,010-000-024-033,standing up from lying,633790226471691870,27.05.2009 14:04:07:170,3.88704442977905,0.579109251499176,0.0367854461073875
2249,A01,010-000-030-096,standing up from lying,633790226471962165,27.05.2009 14:04:07:197,3.43549418449402,1.27669453620911,0.14368249475956
2250,A01,020-000-033-111,standing up from lying,633790226472232456,27.05.2009 14:04:07:223,3.82102799415588,1.24043500423431,0.59650981426239
2251,A01,020-000-032-221,standing up from lying,633790226472502755,27.05.2009 14:04:07:250,3.48450016975403,1.43517410755157,0.372233331203461
2252,A01,010-000-024-033,standing up from lying,633790226472773052,27.05.2009 14:04:07:277,3.83722472190857,0.640150129795075,-0.0524446405470371
2253,A01,020-000-033-111,standing up from lying,633790226473313634,27.05.2009 14:04:07:330,3.78283405303955,1.19196343421936,0.656877756118774
2254,A01,020-000-032-221,standing up from lying,633790226473583927,27.05.2009 14:04:07:360,3.72169828414917,1.12584722042084,0.506306290626526
2255,A01,010-000-024-033,standing up from lying,633790226473854223,27.05.2009 14:04:07:387,3.50615859031677,1.16915142536163,0.187016740441322
2256,A01,010-000-030-096,standing up from lying,633790226474124520,27.05.2009 14:04:07:413,3.01019310951233,0.576526761054993,-0.0603175833821297
2257,A01,020-000-033-111,standing up from lying,633790226474394815,27.05.2009 14:04:07:440,3.86701369285583,1.18355536460876,0.767305195331573
2258,A01,020-000-032-221,standing up from lying,633790226474665113,27.05.2009 14:04:07:467,3.61703491210938,0.9860480427742,0.633878767490387
2259,A01,010-000-024-033,standing up from lying,633790226474935407,27.05.2009 14:04:07:493,3.40614986419678,1.74415516853333,0.167259752750397
2260,A01,020-000-033-111,standing up from lying,633790226475475990,27.05.2009 14:04:07:547,3.92580580711365,1.31139826774597,0.86913800239563
2261,A01,020-000-032-221,standing up from lying,633790226475746286,27.05.2009 14:04:07:573,3.74191880226135,1.21689736843109,0.527024209499359
2262,A01,010-000-024-033,standing up from lying,633790226476016585,27.05.2009 14:04:07:600,3.64075636863709,1.03142297267914,0.35514771938324
2263,A01,010-000-030-096,standing up from lying,633790226476286878,27.05.2009 14:04:07:630,2.75072860717773,1.35318672657013,0.297000169754028
2264,A01,020-000-033-111,standing up from lying,633790226476557177,27.05.2009 14:04:07:657,3.83626174926758,1.21749114990234,0.876379430294037
2265,A01,020-000-032-221,standing up from lying,633790226476827472,27.05.2009 14:04:07:683,3.84614706039429,1.45666408538818,0.56077116727829
2266,A01,010-000-024-033,standing up from lying,633790226477097767,27.05.2009 14:04:07:710,3.54302740097046,1.0351802110672,0.245576575398445
2267,A01,020-000-033-111,standing up from lying,633790226477638347,27.05.2009 14:04:07:763,3.75436472892761,1.1775404214859,0.817072987556458
2268,A01,020-000-032-221,standing up from lying,633790226477908645,27.05.2009 14:04:07:790,3.80863547325134,1.0888683795929,0.565568268299103
2269,A01,010-000-024-033,standing up from lying,633790226478178939,27.05.2009 14:04:07:817,3.42072653770447,1.31177532672882,0.30383175611496
2270,A01,010-000-030-096,standing up from lying,633790226478449231,27.05.2009 14:04:07:843,3.35345482826233,1.44204354286194,-0.0408864431083202
2271,A01,020-000-033-111,standing up from lying,633790226478719522,27.05.2009 14:04:07:873,3.77441644668579,1.13160371780395,0.811000466346741
2272,A01,020-000-032-221,standing up from lying,633790226478989813,27.05.2009 14:04:07:900,3.5189094543457,0.850833833217621,0.533813714981079
2273,A01,010-000-024-033,standing up from lying,633790226479260107,27.05.2009 14:04:07:927,3.65270709991455,0.870575249195099,0.399172693490982
2274,A01,020-000-033-111,standing up from lying,633790226479800696,27.05.2009 14:04:07:980,3.76840162277222,1.05223155021667,0.766833662986755
2275,A01,020-000-032-221,standing up from lying,633790226480070986,27.05.2009 14:04:08:007,3.73826622962952,1.07833242416382,0.689685583114624
2276,A01,010-000-024-033,standing up from lying,633790226480341280,27.05.2009 14:04:08:033,3.02888441085815,1.11703896522522,0.425278127193451
2277,A01,010-000-030-096,standing up from lying,633790226480611573,27.05.2009 14:04:08:060,2.78722262382507,0.997834742069244,0.378940552473068
2278,A01,020-000-033-111,standing up from lying,633790226480881870,27.05.2009 14:04:08:087,3.78062891960144,1.03556346893311,0.77103579044342
2279,A01,020-000-032-221,standing up from lying,633790226481152161,27.05.2009 14:04:08:117,3.56625366210938,1.16609764099121,0.703093230724335
2280,A01,010-000-024-033,standing up from lying,633790226481422458,27.05.2009 14:04:08:143,3.27579712867737,1.19355452060699,0.277135848999023
2281,A01,020-000-032-221,standing up from lying,633790226482233332,27.05.2009 14:04:08:223,3.57570672035217,1.23296999931335,0.899385988712311
2282,A01,010-000-024-033,standing up from lying,633790226482503623,27.05.2009 14:04:08:250,3.36847949028015,1.48553574085236,0.399051338434219
2283,A01,010-000-030-096,standing up from lying,633790226482773922,27.05.2009 14:04:08:277,3.49528789520264,1.15029633045197,0.00854710768908262
2284,A01,020-000-033-111,standing up from lying,633790226483044220,27.05.2009 14:04:08:303,3.83267259597778,1.10437524318695,0.838575541973114
2285,A01,020-000-032-221,standing up from lying,633790226483314519,27.05.2009 14:04:08:330,3.70980310440063,1.25285518169403,0.713524222373962
2286,A01,010-000-024-033,standing up from lying,633790226483584814,27.05.2009 14:04:08:360,3.49959182739258,1.64019167423248,0.212356314063072
2287,A01,020-000-033-111,standing up from lying,633790226484125396,27.05.2009 14:04:08:413,3.90270638465881,1.13493680953979,0.818220436573029
2288,A01,020-000-032-221,standing up from lying,633790226484395687,27.05.2009 14:04:08:440,3.66067147254944,0.937515258789062,0.661417722702026
2289,A01,010-000-024-033,standing up from lying,633790226484665983,27.05.2009 14:04:08:467,3.70035672187805,1.70956945419312,0.0470595695078373
2290,A01,010-000-030-096,standing up from lying,633790226484936281,27.05.2009 14:04:08:493,3.46851348876953,1.38962888717651,0.159664124250412
2291,A01,020-000-033-111,standing up from lying,633790226485206575,27.05.2009 14:04:08:520,3.93061470985413,1.15412950515747,0.753801882266998
2292,A01,020-000-032-221,standing up from lying,633790226485476874,27.05.2009 14:04:08:547,3.68596959114075,1.20125007629395,0.721202492713928
2293,A01,010-000-024-033,standing up from lying,633790226485747171,27.05.2009 14:04:08:573,3.96415328979492,1.40242683887482,0.3152135014534
2294,A01,020-000-033-111,standing up from lying,633790226486287757,27.05.2009 14:04:08:630,3.99061298370361,1.21496450901031,0.770286381244659
2295,A01,010-000-024-033,standing up from lying,633790226486828337,27.05.2009 14:04:08:683,3.94793605804443,1.42086219787598,0.23934531211853
2296,A01,010-000-030-096,standing up from lying,633790226487098636,27.05.2009 14:04:08:710,3.4697105884552,0.760773837566376,-0.101734526455402
2297,A01,020-000-033-111,standing up from lying,633790226487368935,27.05.2009 14:04:08:737,3.98052430152893,1.29354727268219,0.745495557785034
2298,A01,010-000-024-033,standing up from lying,633790226487909524,27.05.2009 14:04:08:790,3.89156246185303,1.35657918453217,0.202424108982086
2299,A01,020-000-033-111,standing up from lying,633790226488450108,27.05.2009 14:04:08:847,3.97816109657288,1.32592284679413,0.638865113258362
2300,A01,010-000-024-033,standing up from lying,633790226488990691,27.05.2009 14:04:08:900,3.94491410255432,1.37325191497803,0.203086227178574
2301,A01,010-000-030-096,standing up from lying,633790226489260987,27.05.2009 14:04:08:927,3.42936253547669,1.23880088329315,0.160100653767586
2302,A01,020-000-033-111,standing up from lying,633790226489531277,27.05.2009 14:04:08:953,3.90502643585205,1.42402458190918,0.75700044631958
2303,A01,020-000-032-221,standing up from lying,633790226489801573,27.05.2009 14:04:08:980,3.8860924243927,1.28911483287811,0.732196688652039
2304,A01,010-000-024-033,standing up from lying,633790226490071864,27.05.2009 14:04:09:007,3.94690537452698,1.40674757957459,0.180486306548119
2305,A01,020-000-033-111,standing up from lying,633790226490612444,27.05.2009 14:04:09:060,3.87908506393433,1.43631982803345,0.79395580291748
2306,A01,020-000-032-221,standing up from lying,633790226490882742,27.05.2009 14:04:09:087,3.37028288841248,1.43490982055664,0.222952976822853
2307,A01,010-000-024-033,standing up from lying,633790226491153038,27.05.2009 14:04:09:117,3.94590306282043,1.34936165809631,0.0492382347583771
2308,A01,010-000-030-096,standing up from lying,633790226491423333,27.05.2009 14:04:09:143,3.28445506095886,1.37647581100464,0.145109459757805
2309,A01,020-000-032-221,standing up from lying,633790226491963918,27.05.2009 14:04:09:197,3.97656989097595,1.48752474784851,0.528809309005737
2310,A01,010-000-024-033,standing up from lying,633790226492234212,27.05.2009 14:04:09:223,3.90865778923035,1.34455740451813,0.100931212306023
2311,A01,020-000-033-111,standing up from lying,633790226492774794,27.05.2009 14:04:09:277,3.8245530128479,1.48701131343842,0.919539928436279
2312,A01,020-000-032-221,standing up from lying,633790226493045087,27.05.2009 14:04:09:303,3.83066129684448,1.71320188045502,0.648145258426666
2313,A01,010-000-024-033,standing up from lying,633790226493315378,27.05.2009 14:04:09:330,3.87039279937744,1.32990610599518,0.277195334434509
2314,A01,010-000-030-096,standing up from lying,633790226493585676,27.05.2009 14:04:09:360,3.07241296768188,1.02889466285706,0.281012773513794
2315,A01,020-000-033-111,standing up from lying,633790226493855967,27.05.2009 14:04:09:387,3.85432887077332,1.53648281097412,0.928972065448761
2316,A01,020-000-032-221,standing up from lying,633790226494126266,27.05.2009 14:04:09:413,4.01142883300781,1.51090526580811,0.646576166152954
2317,A01,010-000-024-033,standing up from lying,633790226494396565,27.05.2009 14:04:09:440,3.90708518028259,1.35034441947937,0.101030200719833
2318,A01,020-000-033-111,standing up from lying,633790226494937148,27.05.2009 14:04:09:493,3.88805842399597,1.57250118255615,1.01452386379242
2319,A01,020-000-032-221,standing up from lying,633790226495207443,27.05.2009 14:04:09:520,3.87642860412598,1.49432420730591,0.806309759616852
2320,A01,010-000-030-096,standing up from lying,633790226495748023,27.05.2009 14:04:09:573,3.24482989311218,1.27066445350647,0.170841351151466
2321,A01,020-000-033-111,standing up from lying,633790226496018320,27.05.2009 14:04:09:603,3.88855195045471,1.62005174160004,1.0795191526413
2322,A01,010-000-024-033,standing up from lying,633790226496558901,27.05.2009 14:04:09:657,3.91636848449707,1.37992906570435,0.0308840461075306
2323,A01,020-000-033-111,standing up from lying,633790226497099490,27.05.2009 14:04:09:710,3.87285685539246,1.64422297477722,1.16729354858398
2324,A01,020-000-032-221,standing up from lying,633790226497369780,27.05.2009 14:04:09:737,3.42390608787537,1.94968390464783,0.670668959617615
2325,A01,010-000-024-033,standing up from lying,633790226497640079,27.05.2009 14:04:09:763,3.93381190299988,1.37393689155579,0.0459081456065178
2326,A01,010-000-030-096,walking,633790226497910376,27.05.2009 14:04:09:790,3.26956391334534,0.620847284793854,0.00769789703190327
2327,A01,020-000-033-111,walking,633790226498180671,27.05.2009 14:04:09:817,3.86494541168213,1.69283390045166,1.19322276115417
2328,A01,020-000-032-221,walking,633790226498450969,27.05.2009 14:04:09:847,3.87566924095154,1.81070828437805,0.767490863800049
2329,A01,010-000-024-033,walking,633790226498721261,27.05.2009 14:04:09:873,3.84812426567078,1.41410541534424,0.150431007146835
2330,A01,020-000-033-111,walking,633790226499261841,27.05.2009 14:04:09:927,3.93160271644592,1.50316309928894,1.28999936580658
2331,A01,020-000-032-221,walking,633790226499532139,27.05.2009 14:04:09:953,3.81525945663452,1.75771236419678,0.919423758983612
2332,A01,010-000-024-033,walking,633790226499802437,27.05.2009 14:04:09:980,3.81209564208984,1.49610459804535,0.2862808406353
2333,A01,010-000-030-096,walking,633790226500072735,27.05.2009 14:04:10:007,3.15538144111633,0.696808815002441,0.213696017861366
2334,A01,020-000-033-111,walking,633790226500343029,27.05.2009 14:04:10:033,3.94129419326782,1.65543985366821,1.41367733478546
2335,A01,020-000-032-221,walking,633790226500613325,27.05.2009 14:04:10:060,3.99006152153015,1.68057358264923,0.87640243768692
2336,A01,010-000-024-033,walking,633790226500883623,27.05.2009 14:04:10:090,3.84383773803711,1.46528494358063,0.211654514074326
2337,A01,020-000-033-111,walking,633790226501424206,27.05.2009 14:04:10:143,3.96329092979431,1.62167346477509,1.36932551860809
2338,A01,020-000-032-221,walking,633790226501694499,27.05.2009 14:04:10:170,3.83119750022888,1.6249361038208,1.0251270532608
2339,A01,010-000-024-033,walking,633790226501964793,27.05.2009 14:04:10:197,3.87109637260437,1.44171452522278,0.105764649808407
2340,A01,010-000-030-096,walking,633790226502235091,27.05.2009 14:04:10:223,3.37235379219055,1.6627471446991,0.644322335720062
2341,A01,020-000-033-111,walking,633790226502505382,27.05.2009 14:04:10:250,3.90841555595398,1.65115332603455,1.40584397315979
2342,A01,020-000-032-221,walking,633790226502775680,27.05.2009 14:04:10:277,3.83923149108887,1.55488705635071,0.961783885955811
2343,A01,010-000-024-033,walking,633790226503045971,27.05.2009 14:04:10:303,3.71014451980591,1.37863957881927,0.0725550502538681
2344,A01,020-000-033-111,walking,633790226503586554,27.05.2009 14:04:10:360,3.86252355575562,1.65711867809296,1.3891294002533
2345,A01,020-000-032-221,walking,633790226503856849,27.05.2009 14:04:10:387,3.81997108459473,1.59961462020874,0.906411826610565
2346,A01,010-000-024-033,walking,633790226504127139,27.05.2009 14:04:10:413,3.75582528114319,1.44982993602753,0.164737731218338
2347,A01,010-000-030-096,walking,633790226504397431,27.05.2009 14:04:10:440,3.25209188461304,1.65540659427643,-0.197339102625847
2348,A01,020-000-033-111,walking,633790226504667726,27.05.2009 14:04:10:467,3.76207709312439,1.70094478130341,1.38762104511261
2349,A01,020-000-032-221,walking,633790226504938024,27.05.2009 14:04:10:493,3.71424174308777,1.63494002819061,0.994723200798035
2350,A01,010-000-024-033,walking,633790226505208319,27.05.2009 14:04:10:520,3.82701420783997,1.48049628734589,0.141862362623215
2351,A01,020-000-033-111,walking,633790226505748908,27.05.2009 14:04:10:573,3.69293999671936,1.58089339733124,1.22915029525757
2352,A01,020-000-032-221,walking,633790226506019198,27.05.2009 14:04:10:603,3.77036070823669,1.59269678592682,1.07332873344421
2353,A01,010-000-024-033,walking,633790226506289493,27.05.2009 14:04:10:630,3.80452036857605,1.46449828147888,0.15698915719986
2354,A01,010-000-030-096,walking,633790226506559790,27.05.2009 14:04:10:657,3.702880859375,1.11587297916412,-0.0231852997094393
2355,A01,020-000-033-111,walking,633790226506830083,27.05.2009 14:04:10:683,3.71598076820374,1.58583414554596,1.20240926742554
2356,A01,020-000-032-221,walking,633790226507100376,27.05.2009 14:04:10:710,3.68868207931519,1.66823875904083,1.19415044784546
2357,A01,010-000-024-033,walking,633790226507370675,27.05.2009 14:04:10:737,3.86689400672913,1.37994277477264,0.219252690672874
2358,A01,020-000-033-111,walking,633790226507911257,27.05.2009 14:04:10:790,3.55938935279846,1.754518866539,1.19597661495209
2359,A01,020-000-032-221,walking,633790226508181554,27.05.2009 14:04:10:817,3.69365572929382,1.63883233070374,1.07519781589508
2360,A01,010-000-024-033,walking,633790226508451848,27.05.2009 14:04:10:847,3.88672995567322,1.32835447788239,0.266394197940826
2361,A01,010-000-030-096,walking,633790226508722141,27.05.2009 14:04:10:873,3.53197455406189,1.53241610527039,0.219792932271957
2362,A01,020-000-033-111,walking,633790226508992435,27.05.2009 14:04:10:900,3.51168894767761,1.84645676612854,1.2101925611496
2363,A01,020-000-032-221,walking,633790226509262733,27.05.2009 14:04:10:927,3.74940180778503,1.69469344615936,1.08428382873535
2364,A01,020-000-033-111,walking,633790226510073611,27.05.2009 14:04:11:007,3.49723315238953,1.90014016628265,1.17150068283081
2365,A01,020-000-032-221,walking,633790226510343907,27.05.2009 14:04:11:033,3.59834313392639,1.7409428358078,0.973727822303772
2366,A01,010-000-024-033,walking,633790226510614206,27.05.2009 14:04:11:060,3.87933349609375,1.32006347179413,0.137325868010521
2367,A01,010-000-030-096,walking,633790226510884500,27.05.2009 14:04:11:090,3.53242087364197,1.53573644161224,0.0427585951983929
2368,A01,020-000-033-111,walking,633790226511154793,27.05.2009 14:04:11:117,3.54351210594177,1.54544925689697,1.22068619728088
2369,A01,020-000-032-221,walking,633790226511425083,27.05.2009 14:04:11:143,3.57520818710327,1.7223025560379,0.876851499080658
2370,A01,020-000-032-221,walking,633790226512506250,27.05.2009 14:04:11:250,3.60428547859192,1.70110845565796,0.94230842590332
2371,A01,010-000-024-033,walking,633790226512776544,27.05.2009 14:04:11:277,3.81590580940247,1.61811590194702,-0.0593543462455273
2372,A01,010-000-030-096,walking,633790226513046836,27.05.2009 14:04:11:303,3.52232217788696,1.4779657125473,0.108202941715717
2373,A01,020-000-033-111,walking,633790226513317129,27.05.2009 14:04:11:333,3.46797776222229,1.74491858482361,1.31725752353668
2374,A01,020-000-032-221,walking,633790226513587419,27.05.2009 14:04:11:360,3.59665131568909,1.70528066158295,1.03319597244263
2375,A01,010-000-024-033,walking,633790226513857717,27.05.2009 14:04:11:387,3.73008728027344,1.76924526691437,0.430664271116257
2376,A01,020-000-033-111,walking,633790226514398305,27.05.2009 14:04:11:440,3.41279602050781,1.65456306934357,1.24869847297668
2377,A01,020-000-032-221,walking,633790226514668595,27.05.2009 14:04:11:467,3.58744716644287,1.66269099712372,0.92145699262619
2378,A01,010-000-024-033,walking,633790226514938889,27.05.2009 14:04:11:493,3.60509300231934,1.77019321918488,0.214909747242928
2379,A01,010-000-030-096,walking,633790226515209188,27.05.2009 14:04:11:520,3.56338882446289,1.67334771156311,0.170239821076393
2380,A01,020-000-033-111,walking,633790226515479478,27.05.2009 14:04:11:547,3.43076753616333,1.59111249446869,1.21697068214417
2381,A01,020-000-032-221,walking,633790226515749777,27.05.2009 14:04:11:573,3.3771014213562,1.38523817062378,0.926015675067902
2382,A01,010-000-024-033,walking,633790226516020074,27.05.2009 14:04:11:603,3.5231032371521,1.70285952091217,0.166155144572258
2383,A01,020-000-033-111,walking,633790226516560662,27.05.2009 14:04:11:657,3.52289748191833,1.43214058876038,1.32657086849213
2384,A01,020-000-032-221,walking,633790226516830956,27.05.2009 14:04:11:683,3.56697869300842,1.66713619232178,0.783324956893921
2385,A01,010-000-024-033,walking,633790226517101247,27.05.2009 14:04:11:710,3.56552624702454,1.79920089244843,0.126875206828117
2386,A01,010-000-030-096,walking,633790226517371538,27.05.2009 14:04:11:737,3.64949035644531,1.52978134155273,0.244401842355728
2387,A01,020-000-033-111,walking,633790226517641834,27.05.2009 14:04:11:763,3.51028418540955,1.65144777297974,1.19732630252838
2388,A01,020-000-032-221,walking,633790226517912126,27.05.2009 14:04:11:790,3.53679251670837,1.62177121639252,0.795806169509888
2389,A01,010-000-024-033,walking,633790226518182424,27.05.2009 14:04:11:817,3.56293106079102,1.79925572872162,0.134609758853912
2390,A01,020-000-033-111,walking,633790226518723008,27.05.2009 14:04:11:873,3.57999062538147,1.64157211780548,1.09048891067505
2391,A01,010-000-024-033,walking,633790226519263596,27.05.2009 14:04:11:927,3.61878347396851,1.80256772041321,0.0756950601935387
2392,A01,010-000-030-096,walking,633790226519533895,27.05.2009 14:04:11:953,3.40961790084839,1.84259152412415,0.0775753781199455
2393,A01,020-000-033-111,walking,633790226519804189,27.05.2009 14:04:11:980,3.55177330970764,1.65333604812622,1.14070999622345
2394,A01,020-000-032-221,walking,633790226520074487,27.05.2009 14:04:12:007,3.45637464523315,1.63586211204529,0.822956144809723
2395,A01,010-000-024-033,walking,633790226520344784,27.05.2009 14:04:12:033,3.56509518623352,1.80110454559326,0.132371321320534
2396,A01,020-000-033-111,walking,633790226520885364,27.05.2009 14:04:12:090,3.52661514282227,1.77585208415985,1.1105797290802
2397,A01,020-000-032-221,walking,633790226521155661,27.05.2009 14:04:12:117,2.88368678092956,1.63373696804047,0.668946504592896
2398,A01,010-000-024-033,walking,633790226521425952,27.05.2009 14:04:12:143,3.597740650177,1.83336925506592,0.0645889267325401
2399,A01,010-000-030-096,walking,633790226521696244,27.05.2009 14:04:12:170,3.14135551452637,1.55816197395325,-0.121376529335976
2400,A01,020-000-033-111,walking,633790226521966538,27.05.2009 14:04:12:197,3.52138376235962,1.73702931404114,1.13951206207275
2401,A01,020-000-032-221,walking,633790226522236833,27.05.2009 14:04:12:223,2.52877116203308,1.51416683197021,0.837829768657684
2402,A01,010-000-024-033,walking,633790226522507130,27.05.2009 14:04:12:250,3.52207589149475,1.79313039779663,0.142406523227692
2403,A01,020-000-033-111,walking,633790226523047715,27.05.2009 14:04:12:303,2.63893866539001,1.71997272968292,1.45380067825317
2404,A01,020-000-032-221,walking,633790226523318013,27.05.2009 14:04:12:333,2.85118842124939,1.5727926492691,0.690204083919525
2405,A01,010-000-024-033,walking,633790226523588308,27.05.2009 14:04:12:360,3.56038045883179,1.80208921432495,0.188467919826508
2406,A01,010-000-030-096,walking,633790226523858600,27.05.2009 14:04:12:387,3.1350588798523,1.75818204879761,-0.0604039281606674
2407,A01,020-000-033-111,walking,633790226524128893,27.05.2009 14:04:12:413,2.88955593109131,1.75336945056915,1.11797630786896
2408,A01,020-000-032-221,walking,633790226524399184,27.05.2009 14:04:12:440,2.83605790138245,1.67319273948669,0.0440659150481224
2409,A01,020-000-033-111,walking,633790226525210059,27.05.2009 14:04:12:520,2.81686496734619,1.79038906097412,1.17630887031555
2410,A01,020-000-032-221,walking,633790226525480352,27.05.2009 14:04:12:547,2.80779385566711,1.58736312389374,0.0902344509959221
2411,A01,010-000-024-033,walking,633790226525750649,27.05.2009 14:04:12:577,3.4849226474762,1.32385170459747,0.0605560466647148
2412,A01,010-000-030-096,walking,633790226526020946,27.05.2009 14:04:12:603,2.98904991149902,1.92592680454254,-0.210882127285004
2413,A01,020-000-033-111,walking,633790226526291243,27.05.2009 14:04:12:630,2.74168229103088,1.84687030315399,1.17577505111694
2414,A01,020-000-032-221,walking,633790226526561542,27.05.2009 14:04:12:657,2.69502329826355,1.5865969657898,0.617901682853699
2415,A01,010-000-024-033,walking,633790226526831833,27.05.2009 14:04:12:683,3.68241024017334,1.62711942195892,0.0242965463548899
2416,A01,020-000-033-111,walking,633790226527372419,27.05.2009 14:04:12:737,2.83208847045898,1.78764426708221,1.23504590988159
2417,A01,020-000-032-221,walking,633790226527642713,27.05.2009 14:04:12:763,2.73942184448242,1.61131763458252,0.666515707969666
2418,A01,010-000-024-033,walking,633790226527913008,27.05.2009 14:04:12:790,3.59240889549255,1.80182540416718,0.0750760808587074
2419,A01,010-000-030-096,walking,633790226528183307,27.05.2009 14:04:12:817,2.94850158691406,1.95345366001129,-0.178353905677795
2420,A01,020-000-033-111,walking,633790226528453606,27.05.2009 14:04:12:847,2.88986873626709,1.80393815040588,1.21738624572754
2421,A01,020-000-032-221,walking,633790226528723896,27.05.2009 14:04:12:873,2.7524631023407,1.61527502536774,0.741043031215668
2422,A01,010-000-024-033,walking,633790226528994189,27.05.2009 14:04:12:900,3.44846391677856,1.76591515541077,-0.138944149017334
2423,A01,020-000-032-221,walking,633790226529805062,27.05.2009 14:04:12:980,2.76616263389587,1.61128151416779,0.667003989219666
2424,A01,010-000-024-033,walking,633790226530075357,27.05.2009 14:04:13:007,3.04743599891663,1.99229621887207,0.0279321689158678
2425,A01,010-000-030-096,walking,633790226530345656,27.05.2009 14:04:13:033,2.89155697822571,1.81996560096741,-0.0743661820888519
2426,A01,020-000-033-111,walking,633790226530615949,27.05.2009 14:04:13:060,2.8285596370697,1.81737697124481,1.36035013198853
2427,A01,020-000-032-221,walking,633790226530886244,27.05.2009 14:04:13:090,2.71842169761658,1.55429589748383,0.772840440273285
2428,A01,010-000-024-033,walking,633790226531156543,27.05.2009 14:04:13:117,2.76245737075806,1.75267517566681,0.0905397534370422
2429,A01,020-000-033-111,walking,633790226531697124,27.05.2009 14:04:13:170,2.74761748313904,1.75327324867249,1.25385689735413
2430,A01,010-000-024-033,walking,633790226532237710,27.05.2009 14:04:13:223,2.40529084205627,1.82329642772675,0.0852388516068459
2431,A01,010-000-030-096,walking,633790226532508003,27.05.2009 14:04:13:250,3.19846749305725,2.24288320541382,0.200952008366585
2432,A01,020-000-033-111,walking,633790226532778299,27.05.2009 14:04:13:277,2.50487637519836,1.69335603713989,1.24322950839996
2433,A01,020-000-032-221,walking,633790226533048597,27.05.2009 14:04:13:303,2.50280380249023,1.64460098743439,0.707350432872772
2434,A01,010-000-024-033,walking,633790226533318895,27.05.2009 14:04:13:333,2.45094704627991,1.60688436031342,0.0729682892560959
2435,A01,020-000-033-111,walking,633790226533859476,27.05.2009 14:04:13:387,2.68691992759705,1.61452341079712,1.21195423603058
2436,A01,020-000-032-221,walking,633790226534129767,27.05.2009 14:04:13:413,2.37628030776978,1.67466235160828,0.842809200286865
2437,A01,010-000-024-033,walking,633790226534400065,27.05.2009 14:04:13:440,2.41437435150147,1.62319803237915,0.0268097054213285
2438,A01,010-000-030-096,walking,633790226534670358,27.05.2009 14:04:13:467,2.97487425804138,1.97329914569855,0.0526285097002983
2439,A01,020-000-033-111,walking,633790226534940655,27.05.2009 14:04:13:493,2.61198043823242,1.62534439563751,1.15279006958008
2440,A01,020-000-032-221,walking,633790226535210948,27.05.2009 14:04:13:520,2.28008055686951,1.6807314157486,0.875451743602753
2441,A01,020-000-033-111,walking,633790226536021827,27.05.2009 14:04:13:603,2.5906674861908,1.61891996860504,1.11708045005798
2442,A01,020-000-032-221,walking,633790226536292121,27.05.2009 14:04:13:630,2.50005602836609,1.68007123470306,0.834066689014435
2443,A01,010-000-024-033,walking,633790226536562415,27.05.2009 14:04:13:657,2.42156291007996,1.72798407077789,0.186422690749168
2444,A01,010-000-030-096,walking,633790226536832714,27.05.2009 14:04:13:683,2.39619040489197,1.795578956604,0.083381786942482
2445,A01,020-000-033-111,walking,633790226537103012,27.05.2009 14:04:13:710,2.47863841056824,1.54029762744904,1.06750011444092
2446,A01,020-000-032-221,walking,633790226537373303,27.05.2009 14:04:13:737,2.49613118171692,1.61725151538849,0.785377740859985
2447,A01,010-000-024-033,walking,633790226537643598,27.05.2009 14:04:13:763,2.46229529380798,1.87518322467804,-0.0149035966023803
2448,A01,020-000-033-111,walking,633790226538184184,27.05.2009 14:04:13:820,2.39402508735657,1.57556974887848,1.01089763641357
2449,A01,020-000-032-221,walking,633790226538454477,27.05.2009 14:04:13:847,2.41190361976624,1.64547753334045,0.765946984291077
2450,A01,010-000-024-033,walking,633790226538724776,27.05.2009 14:04:13:873,2.39954853057861,1.83243441581726,0.122792825102806
2451,A01,010-000-030-096,walking,633790226538995070,27.05.2009 14:04:13:900,2.14794135093689,2.18591618537903,-0.0163647755980492
2452,A01,020-000-033-111,walking,633790226539265368,27.05.2009 14:04:13:927,2.31530714035034,1.661736369133,0.996542572975159
2453,A01,020-000-032-221,walking,633790226539535664,27.05.2009 14:04:13:953,1.96919810771942,1.69376444816589,0.7556591629982
2454,A01,010-000-024-033,walking,633790226539805955,27.05.2009 14:04:13:980,2.38548588752747,1.92179083824158,0.044792577624321
2455,A01,020-000-032-221,walking,633790226540616829,27.05.2009 14:04:14:063,2.20132565498352,1.83576762676239,0.694791674613953
2456,A01,010-000-024-033,walking,633790226540887126,27.05.2009 14:04:14:090,2.52837061882019,1.69047093391418,0.154422953724861
2457,A01,010-000-030-096,walking,633790226541157419,27.05.2009 14:04:14:117,2.20999503135681,2.12937021255493,-0.0687568783760071
2458,A01,020-000-033-111,walking,633790226541427709,27.05.2009 14:04:14:143,2.13872981071472,1.92651319503784,1.04461479187012
2459,A01,020-000-032-221,walking,633790226541697999,27.05.2009 14:04:14:170,1.9715359210968,1.82704639434814,0.813002705574036
2460,A01,010-000-024-033,walking,633790226541968290,27.05.2009 14:04:14:197,2.22659134864807,1.71910762786865,0.18762318789959
2461,A01,020-000-033-111,walking,633790226542508878,27.05.2009 14:04:14:250,1.69124126434326,1.92156624794006,1.2004828453064
2462,A01,020-000-032-221,lying down,633790226542779174,27.05.2009 14:04:14:277,2.12214660644531,1.77240669727325,0.668562591075897
2463,A01,010-000-024-033,lying down,633790226543049466,27.05.2009 14:04:14:303,1.97778594493866,2.02606511116028,0.136417090892792
2464,A01,010-000-030-096,lying down,633790226543319760,27.05.2009 14:04:14:333,2.24453854560852,2.09677982330322,0.104537837207317
2465,A01,020-000-033-111,lying down,633790226543590051,27.05.2009 14:04:14:360,1.5858428478241,1.97415339946747,1.16839742660522
2466,A01,020-000-032-221,lying down,633790226543860349,27.05.2009 14:04:14:387,2.13198947906494,1.7286651134491,0.853494584560394
2467,A01,010-000-024-033,lying down,633790226544130642,27.05.2009 14:04:14:413,1.73719763755798,2.18247485160828,0.178937941789627
2468,A01,020-000-033-111,lying down,633790226544671224,27.05.2009 14:04:14:467,1.84773349761963,2.0293664932251,1.20184218883514
2469,A01,020-000-032-221,lying down,633790226544941519,27.05.2009 14:04:14:493,1.80961060523987,2.00652551651001,0.888458251953125
2470,A01,010-000-024-033,lying down,633790226545211814,27.05.2009 14:04:14:520,1.81145977973938,2.22090220451355,-0.00976393837481737
2471,A01,010-000-030-096,lying down,633790226545482104,27.05.2009 14:04:14:547,2.35020208358765,1.88431310653687,-0.114806942641735
2472,A01,020-000-033-111,lying down,633790226545752399,27.05.2009 14:04:14:577,1.38826262950897,2.02929854393005,1.08354008197784
2473,A01,020-000-032-221,lying down,633790226546022697,27.05.2009 14:04:14:603,1.60164761543274,2.22274661064148,0.756206095218658
2474,A01,010-000-024-033,lying down,633790226546292988,27.05.2009 14:04:14:630,1.6129390001297,1.97190451622009,0.168174490332603
2475,A01,020-000-033-111,lying down,633790226546833573,27.05.2009 14:04:14:683,1.30965256690979,2.06909584999084,1.09703516960144
2476,A01,020-000-032-221,lying down,633790226547103871,27.05.2009 14:04:14:710,1.6980242729187,2.22257590293884,0.758562982082367
2477,A01,010-000-024-033,lying down,633790226547374170,27.05.2009 14:04:14:737,1.72983193397522,2.08856177330017,-0.0455838404595852
2478,A01,010-000-030-096,lying down,633790226547644468,27.05.2009 14:04:14:763,2.40011954307556,1.4625016450882,-0.0561619587242603
2479,A01,020-000-033-111,lying down,633790226547914761,27.05.2009 14:04:14:790,1.40693950653076,2.13308024406433,0.698574960231781
2480,A01,020-000-032-221,lying down,633790226548185051,27.05.2009 14:04:14:820,1.87267172336578,1.73893880844116,0.745429635047913
2481,A01,010-000-024-033,lying down,633790226548455347,27.05.2009 14:04:14:847,1.6697723865509,2.45586800575256,-0.135364502668381
2482,A01,020-000-033-111,lying down,633790226548995935,27.05.2009 14:04:14:900,1.45827102661133,2.10128331184387,0.722606480121613
2483,A01,020-000-032-221,lying down,633790226549266232,27.05.2009 14:04:14:927,0.941703200340271,2.62111043930054,1.35111021995544
2484,A01,010-000-024-033,lying down,633790226549536529,27.05.2009 14:04:14:953,1.61624026298523,2.34458923339844,-0.0565034262835979
2485,A01,010-000-030-096,lying down,633790226549806828,27.05.2009 14:04:14:980,2.28744578361511,1.89713370800018,0.204229786992073
2486,A01,020-000-033-111,lying down,633790226550077118,27.05.2009 14:04:15:007,1.31857562065125,2.13708305358887,0.495807677507401
2487,A01,020-000-032-221,lying down,633790226550347414,27.05.2009 14:04:15:033,1.83240842819214,3.04345870018005,0.501637697219849
2488,A01,010-000-024-033,lying down,633790226550617706,27.05.2009 14:04:15:063,1.65524256229401,2.44219446182251,-0.0739112943410873
2489,A01,020-000-033-111,lying down,633790226551158292,27.05.2009 14:04:15:117,1.14157068729401,2.08058500289917,0.575869500637054
2490,A01,020-000-032-221,lying down,633790226551428584,27.05.2009 14:04:15:143,1.11501443386078,2.5077691078186,0.618583977222443
2491,A01,010-000-024-033,lying down,633790226551698882,27.05.2009 14:04:15:170,1.66364347934723,2.44813704490662,-0.181688860058784
2492,A01,010-000-030-096,lying down,633790226551969179,27.05.2009 14:04:15:197,2.65084791183472,1.78654170036316,0.341052532196045
2493,A01,020-000-033-111,lying down,633790226552239473,27.05.2009 14:04:15:223,1.23315823078156,2.17680191993713,0.634820401668549
2494,A01,020-000-032-221,lying down,633790226552509768,27.05.2009 14:04:15:250,1.47429037094116,2.08344006538391,0.386944323778152
2495,A01,010-000-024-033,lying down,633790226552780058,27.05.2009 14:04:15:277,1.68582034111023,2.38243365287781,-0.116033732891083
2496,A01,020-000-033-111,lying down,633790226553320642,27.05.2009 14:04:15:333,1.05759644508362,1.93408501148224,0.472030341625214
2497,A01,020-000-032-221,lying down,633790226553590938,27.05.2009 14:04:15:360,1.37442719936371,2.42640924453735,0.165433645248413
2498,A01,010-000-024-033,lying down,633790226553861235,27.05.2009 14:04:15:387,1.59949254989624,2.08028721809387,0.267754346132278
2499,A01,010-000-030-096,lying down,633790226554131529,27.05.2009 14:04:15:413,2.1440851688385,2.21635055541992,0.349834084510803
2500,A01,020-000-033-111,lying down,633790226554401828,27.05.2009 14:04:15:440,0.976398468017578,1.9845564365387,0.116479150950909
2501,A01,010-000-024-033,lying down,633790226554942409,27.05.2009 14:04:15:493,1.78903901576996,1.9604457616806,0.0584518313407898
2502,A01,020-000-033-111,lying down,633790226555482997,27.05.2009 14:04:15:547,1.09747278690338,1.90032112598419,0.173407062888145
2503,A01,020-000-032-221,lying down,633790226555753288,27.05.2009 14:04:15:577,0.308132082223892,0.403840035200119,2.00323677062988
2504,A01,010-000-024-033,lying down,633790226556023579,27.05.2009 14:04:15:603,1.98105120658875,2.08729553222656,0.328288823366165
2505,A01,010-000-030-096,lying down,633790226556293872,27.05.2009 14:04:15:630,2.25281262397766,2.36402177810669,0.362639784812927
2506,A01,020-000-033-111,lying down,633790226556564165,27.05.2009 14:04:15:657,1.01781833171844,2.22151136398315,0.447888404130936
2507,A01,020-000-032-221,lying down,633790226556834455,27.05.2009 14:04:15:683,0.310496926307678,0.392160505056381,2.01693153381348
2508,A01,010-000-024-033,lying down,633790226557104748,27.05.2009 14:04:15:710,1.87019443511963,1.95446944236755,0.203756392002106
2509,A01,020-000-033-111,lying down,633790226557645333,27.05.2009 14:04:15:763,0.886276602745056,2.11204934120178,0.295826822519302
2510,A01,020-000-032-221,lying down,633790226557915626,27.05.2009 14:04:15:790,1.36666250228882,2.27924919128418,0.241238340735435
2511,A01,010-000-024-033,lying down,633790226558185916,27.05.2009 14:04:15:820,2.18138647079468,1.85957396030426,0.441779524087906
2512,A01,010-000-030-096,lying down,633790226558456206,27.05.2009 14:04:15:847,2.21129250526428,2.41619467735291,0.419477194547653
2513,A01,020-000-032-221,lying down,633790226558996795,27.05.2009 14:04:15:900,1.2502316236496,2.42110991477966,0.495903998613358
2514,A01,010-000-024-033,lying down,633790226559267091,27.05.2009 14:04:15:927,2.19851922988892,1.91034543514252,0.491472959518433
2515,A01,020-000-033-111,lying down,633790226559807672,27.05.2009 14:04:15:980,0.828279972076416,2.13402009010315,0.427515208721161
2516,A01,020-000-032-221,lying down,633790226560077970,27.05.2009 14:04:16:007,1.38947331905365,1.98829483985901,0.259499400854111
2517,A01,010-000-024-033,lying down,633790226560348265,27.05.2009 14:04:16:033,2.31361818313599,1.97826743125916,0.443099737167358
2518,A01,010-000-030-096,lying down,633790226560618562,27.05.2009 14:04:16:063,2.38419437408447,2.22077560424805,0.30571374297142
2519,A01,020-000-033-111,lying down,633790226560888854,27.05.2009 14:04:16:090,0.952662467956543,2.28596544265747,0.246779397130013
2520,A01,020-000-032-221,lying down,633790226561159146,27.05.2009 14:04:16:117,1.29302144050598,2.26710820198059,0.542236268520355
2521,A01,010-000-024-033,lying down,633790226561429437,27.05.2009 14:04:16:143,2.41726207733154,2.10104513168335,0.489396452903748
2522,A01,020-000-033-111,lying down,633790226561970025,27.05.2009 14:04:16:197,0.723559200763702,2.37124490737915,0.639077425003052
2523,A01,020-000-032-221,lying down,633790226562240321,27.05.2009 14:04:16:223,1.35203588008881,2.21672248840332,0.615961492061615
2524,A01,010-000-030-096,lying down,633790226562780907,27.05.2009 14:04:16:277,2.28127574920654,2.21111083030701,0.44091871380806
2525,A01,020-000-033-111,lying down,633790226563051205,27.05.2009 14:04:16:307,0.924037873744965,2.46149086952209,0.232076734304428
2526,A01,010-000-024-033,lying down,633790226563591786,27.05.2009 14:04:16:360,2.23339128494263,2.23623371124268,0.505079209804535
2527,A01,020-000-033-111,lying down,633790226564132371,27.05.2009 14:04:16:413,1.00041079521179,2.45418500900269,0.274095207452774
2528,A01,020-000-032-221,lying down,633790226564402667,27.05.2009 14:04:16:440,3.52310299873352,2.29070997238159,1.2293347120285
2529,A01,010-000-024-033,lying down,633790226564672961,27.05.2009 14:04:16:467,2.51960754394531,2.32052755355835,0.441377401351929
2530,A01,010-000-030-096,lying down,633790226564943254,27.05.2009 14:04:16:493,2.25789427757263,2.32326030731201,0.390372842550278
2531,A01,020-000-033-111,lying down,633790226565213545,27.05.2009 14:04:16:520,0.832022070884705,2.12362360954285,0.442799180746079
2532,A01,020-000-032-221,lying down,633790226565483844,27.05.2009 14:04:16:550,1.34396207332611,2.62756514549255,0.446044951677322
2533,A01,010-000-024-033,lying down,633790226565754136,27.05.2009 14:04:16:577,2.41845846176147,2.29397225379944,0.288153350353241
2534,A01,020-000-033-111,lying down,633790226566294723,27.05.2009 14:04:16:630,1.00690364837646,2.27122235298157,0.471269428730011
2535,A01,020-000-032-221,lying down,633790226566565014,27.05.2009 14:04:16:657,1.28133368492126,2.58593559265137,0.383702754974365
2536,A01,010-000-024-033,lying down,633790226566835313,27.05.2009 14:04:16:683,2.43272542953491,2.34245538711548,0.516652464866638
2537,A01,010-000-030-096,lying down,633790226567105612,27.05.2009 14:04:16:710,2.33768057823181,2.48159003257751,0.323639750480652
2538,A01,020-000-033-111,lying down,633790226567375902,27.05.2009 14:04:16:737,0.977075159549713,2.609215259552,0.513908088207245
2539,A01,020-000-032-221,lying down,633790226567646197,27.05.2009 14:04:16:763,1.28934812545776,2.41225171089172,0.415682822465897
2540,A01,010-000-024-033,lying down,633790226567916494,27.05.2009 14:04:16:790,2.39949560165405,2.33245396614075,0.47884276509285
2541,A01,020-000-033-111,lying down,633790226568457077,27.05.2009 14:04:16:847,1.01576220989227,2.4431746006012,0.154138699173927
2542,A01,020-000-032-221,lying down,633790226568727373,27.05.2009 14:04:16:873,3.38204288482666,2.3306245803833,1.03336942195892
2543,A01,010-000-024-033,lying down,633790226568997669,27.05.2009 14:04:16:900,2.4166886806488,2.30233263969421,0.372485131025314
2544,A01,010-000-030-096,lying down,633790226569267966,27.05.2009 14:04:16:927,2.38336420059204,2.47984051704407,0.447613924741745
2545,A01,020-000-033-111,lying down,633790226569538263,27.05.2009 14:04:16:953,0.964281260967255,2.55619668960571,0.56271493434906
2546,A01,020-000-032-221,lying down,633790226569808558,27.05.2009 14:04:16:980,1.21731078624725,2.50586724281311,0.348927587270737
2547,A01,010-000-024-033,lying,633790226570078848,27.05.2009 14:04:17:007,2.36277341842651,2.38530707359314,0.523471891880035
2548,A01,020-000-033-111,lying,633790226570619428,27.05.2009 14:04:17:063,1.01487386226654,2.45576000213623,0.437772154808044
2549,A01,020-000-032-221,lying,633790226570889726,27.05.2009 14:04:17:090,1.11680519580841,2.69712853431702,0.229719758033752
2550,A01,010-000-030-096,lying,633790226571430314,27.05.2009 14:04:17:143,2.31151556968689,2.61936187744141,0.332426249980927
2551,A01,020-000-033-111,lying,633790226571700605,27.05.2009 14:04:17:170,1.00026023387909,2.4682514667511,0.456117898225784
2552,A01,020-000-032-221,lying,633790226571970902,27.05.2009 14:04:17:197,1.3302149772644,2.5145857334137,0.637960851192474
2553,A01,010-000-024-033,lying,633790226572241193,27.05.2009 14:04:17:223,2.41769075393677,2.17329454421997,0.317376881837845
2554,A01,020-000-033-111,lying,633790226572781777,27.05.2009 14:04:17:277,1.04213750362396,2.45003604888916,0.455091744661331
2555,A01,020-000-032-221,lying,633790226573052073,27.05.2009 14:04:17:307,1.10488092899322,2.60567831993103,0.384685963392258
2556,A01,010-000-024-033,lying,633790226573322371,27.05.2009 14:04:17:333,2.57745838165283,2.57305383682251,0.435308396816254
2557,A01,010-000-030-096,lying,633790226573592665,27.05.2009 14:04:17:360,2.51800847053528,2.2024998664856,0.484149426221848
2558,A01,020-000-033-111,lying,633790226573862961,27.05.2009 14:04:17:387,0.983009338378906,2.2964563369751,0.4479920566082
2559,A01,020-000-032-221,lying,633790226574133258,27.05.2009 14:04:17:413,1.16333413124084,2.6045663356781,0.427121013402939
2560,A01,010-000-024-033,lying,633790226574403556,27.05.2009 14:04:17:440,2.52072763442993,2.42379713058472,0.490245699882507
2561,A01,020-000-033-111,lying,633790226574944140,27.05.2009 14:04:17:493,1.02249848842621,2.42238688468933,0.419363349676132
2562,A01,020-000-032-221,lying,633790226575214435,27.05.2009 14:04:17:520,1.34661209583282,2.58347845077515,0.5314159989357
2563,A01,010-000-024-033,lying,633790226575484725,27.05.2009 14:04:17:550,2.52702379226685,2.52256059646606,0.684768855571747
2564,A01,010-000-030-096,lying,633790226575755017,27.05.2009 14:04:17:577,2.32510375976562,2.48857164382935,0.406340718269348
2565,A01,020-000-033-111,lying,633790226576025316,27.05.2009 14:04:17:603,1.0023638010025,2.46928811073303,0.381755322217941
2566,A01,020-000-032-221,lying,633790226576295609,27.05.2009 14:04:17:630,1.13066029548645,2.67406439781189,0.35199373960495
2567,A01,010-000-024-033,lying,633790226576565907,27.05.2009 14:04:17:657,2.44380378723145,2.3707070350647,0.568666815757751
2568,A01,020-000-033-111,lying,633790226577106496,27.05.2009 14:04:17:710,1.04862320423126,2.45970559120178,0.363589316606522
2569,A01,020-000-032-221,lying,633790226577376791,27.05.2009 14:04:17:737,1.1786470413208,2.62810182571411,0.445297956466675
2570,A01,010-000-024-033,lying,633790226577647085,27.05.2009 14:04:17:763,2.51173090934753,2.46242094039917,0.630529284477234
2571,A01,010-000-030-096,lying,633790226577917382,27.05.2009 14:04:17:793,2.2987060546875,2.56942415237427,0.413608342409134
2572,A01,020-000-033-111,lying,633790226578187678,27.05.2009 14:04:17:820,1.03029036521912,2.46201872825623,0.386811435222626
2573,A01,020-000-032-221,lying,633790226578457968,27.05.2009 14:04:17:847,3.11077952384949,2.40315103530884,0.994171440601349
2574,A01,010-000-024-033,lying,633790226578728262,27.05.2009 14:04:17:873,2.45645594596863,2.38494968414307,0.430881202220917
2575,A01,020-000-032-221,lying,633790226579539137,27.05.2009 14:04:17:953,1.13177299499512,2.68027997016907,0.417426407337189
2576,A01,010-000-024-033,lying,633790226579809432,27.05.2009 14:04:17:980,2.47147536277771,2.38970446586609,0.48872971534729
2577,A01,010-000-030-096,lying,633790226580079726,27.05.2009 14:04:18:007,2.28158211708069,2.58877778053284,0.371092766523361
2578,A01,020-000-032-221,lying,633790226580620315,27.05.2009 14:04:18:063,1.38686752319336,2.76681160926819,0.204947575926781
2579,A01,010-000-024-033,lying,633790226580890609,27.05.2009 14:04:18:090,2.52817344665527,2.49163174629211,0.723376989364624
2580,A01,020-000-033-111,lying,633790226581431197,27.05.2009 14:04:18:143,1.04268324375153,2.44840264320374,0.390914767980576
2581,A01,020-000-032-221,lying,633790226581701494,27.05.2009 14:04:18:170,1.30794417858124,2.45169115066528,0.616972863674164
2582,A01,010-000-030-096,lying,633790226583052946,27.05.2009 14:04:18:307,2.42683625221252,2.39417695999146,0.410271972417831
2583,A01,020-000-033-111,lying,633790226583001563,27.05.2009 14:04:18:300,1.01844918727875,2.44441890716553,0.390731334686279
2584,A01,020-000-032-221,lying,633790226583001566,27.05.2009 14:04:18:300,1.3425657749176,2.46633887290955,0.607775866985321
2585,A01,010-000-024-033,lying,633790226583271863,27.05.2009 14:04:18:327,2.56460976600647,2.50394439697266,0.758276522159576
2586,A01,020-000-033-111,lying,633790226583542153,27.05.2009 14:04:18:353,1.05067050457001,2.4434335231781,0.415092259645462
2587,A01,020-000-032-221,lying,633790226583812450,27.05.2009 14:04:18:380,1.45069432258606,2.73348712921143,0.546670734882355
2588,A01,010-000-024-033,lying,633790226584082746,27.05.2009 14:04:18:407,2.57405638694763,2.48249530792236,0.783401250839233
2589,A01,010-000-030-096,lying,633790226584353038,27.05.2009 14:04:18:437,2.3506920337677,2.45829176902771,0.412596076726913
2590,A01,020-000-033-111,lying,633790226584623330,27.05.2009 14:04:18:463,1.04661786556244,2.46212434768677,0.358374238014221
2591,A01,020-000-032-221,lying,633790226584893623,27.05.2009 14:04:18:490,1.33741927146912,2.44529509544373,0.568858087062836
2592,A01,010-000-024-033,lying,633790226585163918,27.05.2009 14:04:18:517,2.53865265846252,2.4819769859314,0.662865817546845
2593,A01,020-000-033-111,lying,633790226585704501,27.05.2009 14:04:18:570,1.03575050830841,2.44986629486084,0.368622153997421
2594,A01,020-000-032-221,lying,633790226585974800,27.05.2009 14:04:18:597,1.329146027565,2.41614246368408,0.648302614688873
2595,A01,010-000-024-033,lying,633790226586245093,27.05.2009 14:04:18:623,2.55265641212463,2.52862310409546,0.709813058376312
2596,A01,010-000-030-096,lying,633790226586515387,27.05.2009 14:04:18:650,2.39662981033325,2.41104698181152,0.425649583339691
2597,A01,020-000-033-111,lying,633790226586785679,27.05.2009 14:04:18:680,1.04418289661407,2.46193361282349,0.443089455366135
2598,A01,020-000-032-221,lying,633790226587055976,27.05.2009 14:04:18:707,1.3158928155899,2.45590114593506,0.605359733104706
2599,A01,010-000-024-033,lying,633790226587326274,27.05.2009 14:04:18:733,2.53570675849915,2.48906469345093,0.61902916431427
2600,A01,020-000-033-111,lying,633790226587866860,27.05.2009 14:04:18:787,1.00557959079742,2.471515417099,0.301930099725723
2601,A01,020-000-032-221,lying,633790226588137155,27.05.2009 14:04:18:813,1.31130468845367,2.43281531333923,0.632035493850708
2602,A01,010-000-024-033,lying,633790226588407452,27.05.2009 14:04:18:840,2.5233793258667,2.50974011421204,0.595990657806397
2603,A01,010-000-030-096,lying,633790226588677745,27.05.2009 14:04:18:867,2.4002673625946,2.43750071525574,0.497707158327103
2604,A01,020-000-033-111,lying,633790226588948040,27.05.2009 14:04:18:893,1.04865169525146,2.48769950866699,0.385941535234451
2605,A01,020-000-032-221,lying,633790226589218330,27.05.2009 14:04:18:923,3.18494081497192,2.41279816627502,1.05318224430084
2606,A01,010-000-024-033,lying,633790226589488626,27.05.2009 14:04:18:950,2.53167152404785,2.4901704788208,0.588513374328613
2607,A01,020-000-033-111,lying,633790226590029213,27.05.2009 14:04:19:003,1.03095042705536,2.45043206214905,0.350075095891953
2608,A01,020-000-032-221,lying,633790226590299504,27.05.2009 14:04:19:030,1.30013871192932,2.47523355484009,0.592439413070679
2609,A01,010-000-024-033,lying,633790226590569802,27.05.2009 14:04:19:057,2.44691467285156,2.39657688140869,0.67219877243042
2610,A01,010-000-030-096,lying,633790226590840100,27.05.2009 14:04:19:083,2.28987145423889,2.54236507415771,0.303685426712036
2611,A01,020-000-033-111,lying,633790226591110397,27.05.2009 14:04:19:110,0.994996547698975,2.46933174133301,0.37045294046402
2612,A01,020-000-032-221,lying,633790226591380689,27.05.2009 14:04:19:137,3.12044477462769,2.40429353713989,1.02973759174347
2613,A01,020-000-033-111,lying,633790226592191562,27.05.2009 14:04:19:220,1.05454862117767,2.45144152641296,0.48380047082901
2614,A01,020-000-032-221,lying,633790226592461854,27.05.2009 14:04:19:247,3.1700599193573,2.41483569145203,1.040860414505
2615,A01,010-000-024-033,lying,633790226592732153,27.05.2009 14:04:19:273,2.47890639305115,2.40901684761047,0.638627588748932
2616,A01,010-000-030-096,lying,633790226593002448,27.05.2009 14:04:19:300,2.29626441001892,2.49348974227905,0.408299505710602
2617,A01,020-000-033-111,lying,633790226593272740,27.05.2009 14:04:19:327,1.00949656963348,2.3870325088501,0.396515250205994
2618,A01,020-000-032-221,lying,633790226593543034,27.05.2009 14:04:19:353,1.31579256057739,2.41862106323242,0.465284526348114
2619,A01,010-000-024-033,lying,633790226593813326,27.05.2009 14:04:19:380,2.47190546989441,2.41691994667053,0.527325928211212
2620,A01,020-000-033-111,lying,633790226594353906,27.05.2009 14:04:19:437,0.977768301963806,2.37717986106873,0.384710937738419
2621,A01,020-000-032-221,lying,633790226594624202,27.05.2009 14:04:19:463,1.35526788234711,2.48916459083557,0.698078691959381
2622,A01,010-000-024-033,lying,633790226594894497,27.05.2009 14:04:19:490,2.55739259719849,2.49229264259338,0.554804921150208
2623,A01,010-000-030-096,lying,633790226595164792,27.05.2009 14:04:19:517,2.56269335746765,2.13195633888245,0.559072375297546
